Workbook

Sheet Sheet1
A1: No | B1: Date | C1: Subject | D1: Region | E1: Sample_origin | F1: Dilution | G1: Plate_volume_uL | H1: Count | I1: CFU_mL | J1: CFU_plot | K1: Notes | L1: pH | M1: Kit_ID | N1: Avg_cell_count | O1: Avg_live_percent
A2: 1 | B2: 240730 | C2: KD35 | D2: R1 | E2: capscan | F2: 1 | G2: 1 | H2: 205 | I2: =H2*1000 -> 205000 | J2: =I2*1000 -> 205000000 | L2: NM
A3: 2 | B3: 240730 | C3: KD35 | D3: R2 | E3: capscan | F3: 1 | G3: 1 | H3: 255 | I3: =H3*1000 -> 255000 | J3: =I3*1000 -> 255000000 | L3: NM
A4: 3 | B4: 240730 | C4: KD35 | D4: R3 | E4: capscan | F4: 1 | G4: 1 | H4: 338 | I4: =H4*1000 -> 338000 | J4: =I4*1000 -> 338000000 | L4: NM
A5: 4 | B5: 240730 | C5: KD35 | D5: R4 | E5: capscan | F5: 1 | G5: 1 | H5: 469 | I5: =H5*1000 -> 469000 | J5: =I5*1000 -> 469000000 | L5: NM
A6: 5 | B6: 240730 | C6: KD35 | D6: R5 | E6: capscan | F6: 1 | G6: 1 | H6: 229 | I6: =H6*1000 -> 229000 | J6: =I6*1000 -> 229000000 | L6: NM
A7: 6 | B7: 240730 | C7: KD35 | D7: R6 | E7: capscan | F7: 1 | G7: 1 | H7: 329 | I7: =H7*1000 -> 329000 | J7: =I7*1000 -> 329000000 | L7: NM
A8: 7 | B8: 240730 | C8: KD35 | D8: R7 | E8: capscan | F8: 1 | G8: 1 | H8: 323 | I8: =H8*1000 -> 323000 | J8: =I8*1000 -> 323000000 | L8: NM
A9: 8 | B9: 240730 | C9: KD35 | D9: Stool | E9: stool | F9: 10000 | G9: 1 | H9: >1000 | I9: >1E10 | J9: 10000000000 | L9: NM
A10: 9 | B10: 240730 | C10: KD36 | D10: R1 | E10: capscan | F10: 1 | G10: 1 | H10: NA | I10: ~1E9 | J10: 1000000000 | K10: lawn | L10: NM
A11: 10 | B11: 240730 | C11: KD36 | D11: R2 | E11: capscan | F11: 1 | G11: 1 | H11: NA | I11: ~1E9 | J11: 1000000000 | K11: lawn | L11: NM
A12: 11 | B12: 240730 | C12: KD36 | D12: R3 | E12: capscan | F12: 1 | G12: 1 | H12: NA | I12: ~1E9 | J12: 1000000000 | K12: lawn | L12: NM
A13: 12 | B13: 240730 | C13: KD36 | D13: Stool | E13: stool | F13: 10000 | G13: 1 | H13: 367 | I13: =H13*1000*F13 -> 3670000000 | J13: =I13*1000*G13 -> 3670000000000 | L13: NM
A14: 13 | B14: 240809 | C14: KD39 | D14: R1 | E14: capscan | F14: 1 | G14: 1 | H14: 153 | I14: =H14*1000 -> 153000 | J14: =I14*1000 -> 153000000 | L14: 5.5 | M14: KD039 | N14: =AVERAGE(microscopy!D2:D3) -> 12500000 | O14: =AVERAGE(microscopy!J2:J3) -> 40.897667
A15: 14 | B15: 240809 | C15: KD39 | D15: R2 | E15: capscan | F15: 1 | G15: 1 | H15: 411 | I15: =H15*1000 -> 411000 | J15: =I15*1000 -> 411000000 | L15: 5.8 | M15: KD039 | N15: =AVERAGE(microscopy!D3:D4) -> 12150000 | O15: =AVERAGE(microscopy!J3:J4) -> 31.086022
A16: 15 | B16: 240809 | C16: KD39 | D16: R3 | E16: capscan | F16: 1 | G16: 1 | H16: 699 | I16: =H16*1000 -> 699000 | J16: =I16*1000 -> 699000000 | L16: 5.8 | M16: KD039 | N16: =AVERAGE(microscopy!D4:D5) -> 15150000 | O16: =AVERAGE(microscopy!J4:J5) -> 20.049168
A17: 16 | B17: 240809 | C17: KD39 | D17: R4 | E17: capscan | F17: 1 | G17: 1 | H17: 669 | I17: =H17*1000 -> 669000 | J17: =I17*1000 -> 669000000 | L17: 5.8 | M17: KD039 | N17: =AVERAGE(microscopy!D5:D6) -> 23000000 | O17: =AVERAGE(microscopy!J5:J6) -> 15.455781
A18: 17 | B18: 240809 | C18: KD39 | D18: R5 | E18: capscan | F18: 1 | G18: 1 | H18: 868 | I18: =H18*1000 -> 868000 | J18: =I18*1000 -> 868000000 | L18: 5.8 | M18: KD039 | N18: =AVERAGE(microscopy!D6:D7) -> 26000000 | O18: =AVERAGE(microscopy!J6:J7) -> 14.016252
A19: 18 | B19: 240809 | C19: KD39 | D19: R6 | E19: capscan | F19: 1 | G19: 1 | H19: 689 | I19: =H19*1000 -> 689000 | J19: =I19*1000 -> 689000000 | L19: 6 | M19: KD039 | N19: =AVERAGE(microscopy!D7:D8) -> 27000000 | O19: =AVERAGE(microscopy!J7:J8) -> 17.093496
A20: 19 | B20: 240809 | C20: KD39 | D20: R7 | E20: capscan | F20: 1 | G20: 1 | H20: =1037+200 -> 1237 | I20: =H20*1000 -> 1237000 | J20: =I20*1000 -> 1237000000 | L20: 6.2
A21: 20 | B21: 240809 | C21: KD39 | D21: Stool | E21: stool | F21: 10000 | G21: 1 | H21: 456 | I21: =H21*1000*F21 -> 4560000000 | J21: =I21*1000*G21 -> 4560000000000 | L21: NM | M21: KD039 | N21: =AVERAGE(microscopy!D15:D16)*100 -> 1210000000 | O21: =AVERAGE(microscopy!J15:J16) -> 65.475046
A22: 21 | B22: 240809 | C22: KD40 | D22: R1 | E22: capscan | F22: 1 | G22: 1 | H22: 0 | I22: =H22*1000 -> 0 | J22: =I22*1000 -> 0 | L22: <5.5 | M22: KD040 | N22: =AVERAGE(microscopy!D8:D9) -> 26500000 | O22: =AVERAGE(microscopy!J8:J9) -> 17.776161
A23: 22 | B23: 240809 | C23: KD40 | D23: R2 | E23: capscan | F23: 1 | G23: 1 | H23: 18 | I23: =H23*1000 -> 18000 | J23: =I23*1000 -> 18000000 | L23: 5.5 | M23: KD040 | N23: =AVERAGE(microscopy!D9:D10) -> 34000000 | O23: =AVERAGE(microscopy!J9:J10) -> 11.177885
A24: 23 | B24: 240809 | C24: KD40 | D24: R3 | E24: capscan | F24: 1 | G24: 1 | H24: 364 | I24: =H24*1000 -> 364000 | J24: =I24*1000 -> 364000000 | L24: 5.5 | M24: KD040 | N24: =AVERAGE(microscopy!D10:D11) -> 41500000 | O24: =AVERAGE(microscopy!J10:J11) -> 7.5804725
A25: 24 | B25: 240809 | C25: KD40 | D25: R4 | E25: capscan | F25: 1 | G25: 1 | H25: 601 | I25: =H25*1000 -> 601000 | J25: =I25*1000 -> 601000000 | L25: 5.8 | M25: KD040 | N25: =AVERAGE(microscopy!D11:D12) -> 49000000 | O25: =AVERAGE(microscopy!J11:J12) -> 7.2939223
A26: 25 | B26: 240809 | C26: KD40 | D26: R5 | E26: capscan | F26: 1 | G26: 1 | H26: =660+300 -> 960 | I26: =H26*1000 -> 960000 | J26: =I26*1000 -> 960000000 | L26: 6 | M26: KD040 | N26: =AVERAGE(microscopy!D12:D13) -> 59500000 | O26: =AVERAGE(microscopy!J12:J13) -> 5.7027346
A27: 26 | B27: 240809 | C27: KD40 | D27: R6 | E27: capscan | F27: 1 | G27: 1 | H27: =515+600 -> 1115 | I27: =H27*1000 -> 1115000 | J27: =I27*1000 -> 1115000000 | L27: 6.2 | M27: KD040 | N27: =AVERAGE(microscopy!D13:D14) -> 41500000 | O27: =AVERAGE(microscopy!J13:J14) -> 45.935947
A28: 27 | B28: 240809 | C28: KD40 | D28: R7 | E28: capscan | F28: 1 | G28: 1 | H28: =545+600 -> 1145 | I28: =H28*1000 -> 1145000 | J28: =I28*1000 -> 1145000000 | L28: 6.4 | M28: KD040 | N28: =AVERAGE(microscopy!D14:D15) -> 18000000 | O28: =AVERAGE(microscopy!J14:J15) -> 81.802642
A29: 28 | B29: 240809 | C29: KD40 | D29: R8 | E29: capscan | F29: 2 | G29: 1 | H29: =467+3000 -> 3467 | I29: =H29*1000 -> 3467000 | J29: =I29*1000 -> 3467000000 | L29: 6.4
A30: 29 | B30: 240809 | C30: KD40 | D30: Stool | E30: stool | F30: 10000 | G30: 1 | H30: 331 | I30: =H30*1000*F30 -> 3310000000 | J30: =I30*1000*G30 -> 3310000000000 | L30: NM | M30: KD040 | N30: =AVERAGE(microscopy!D16:D17)*100 -> 680000000 | O30: =AVERAGE(microscopy!J16:J17) -> 55.498683
C32: ImageJ
C33: ROI imager
C34: Click each colony
C35: Save & export as needed

Sheet microscopy
A1: Kit_ID | B1: Region | C1: Replicate | D1: Cell_count_filtered | E1: Dilution | F1: num_cells_live | G1: num_cells_dead | H1: num_cells_both | I1: live_dead_ratio | J1: live | K1: dead
A2: KD039 | B2: R1 | C2: 1 | D2: 9000000 | E2: 1:1 | F2: 574 | G2: 548 | H2: 224 | I2: =F2/(G2+H2) -> 0.74352332 | J2: =F2/SUM(F2:H2)*100 -> 42.644874 | K2: =(G2+H2)/SUM(F2:H2)*100 -> 57.355126
A3: KD039 | B3: R1 | C3: 2 | D3: 16000000 | E3: 1:1 | F3: 765 | G3: 841 | H3: 348 | I3: =F3/(G3+H3) -> 0.64339781 | J3: =F3/SUM(F3:H3)*100 -> 39.150461 | K3: =(G3+H3)/SUM(F3:H3)*100 -> 60.849539
A4: KD039 | B4: R2 | C4: 1 | D4: 8300000 | E4: 1:1 | F4: 288 | G4: 829 | H4: 134 | I4: =F4/(G4+H4) -> 0.29906542 | J4: =F4/SUM(F4:H4)*100 -> 23.021583 | K4: =(G4+H4)/SUM(F4:H4)*100 -> 76.978417
A5: KD039 | B5: R2 | C5: 2 | D5: 22000000 | E5: 1:1 | F5: 465 | G5: 1963 | H5: 295 | I5: =F5/(G5+H5) -> 0.20593446 | J5: =F5/SUM(F5:H5)*100 -> 17.076754 | K5: =(G5+H5)/SUM(F5:H5)*100 -> 82.923246
A6: KD039 | B6: R3 | C6: 1 | D6: 24000000 | E6: 1:1 | F6: 469 | G6: 2515 | H6: 406 | I6: =F6/(G6+H6) -> 0.16056145 | J6: =F6/SUM(F6:H6)*100 -> 13.834808 | K6: =(G6+H6)/SUM(F6:H6)*100 -> 86.165192
A7: KD039 | B7: R3 | C7: 2 | D7: 28000000 | E7: 1:1 | F7: 530 | G7: 2731 | H7: 472 | I7: =F7/(G7+H7) -> 0.16546987 | J7: =F7/SUM(F7:H7)*100 -> 14.197696 | K7: =(G7+H7)/SUM(F7:H7)*100 -> 85.802304
A8: KD039 | B8: R4 | C8: 1 | D8: 26000000 | E8: 1:1 | F8: 747 | G8: 2451 | H8: 539 | I8: =F8/(G8+H8) -> 0.24983278 | J8: =F8/SUM(F8:H8)*100 -> 19.989296 | K8: =(G8+H8)/SUM(F8:H8)*100 -> 80.010704
A9: KD039 | B9: R4 | C9: 2 | D9: 27000000 | E9: 1:1 | F9: 463 | G9: 2120 | H9: 392 | I9: =F9/(G9+H9) -> 0.18431529 | J9: =F9/SUM(F9:H9)*100 -> 15.563025 | K9: =(G9+H9)/SUM(F9:H9)*100 -> 84.436975
A10: KD039 | B10: R5 | C10: 1 | D10: 41000000 | E10: 1:1 | F10: 352 | G10: 4357 | H10: 473 | I10: =F10/(G10+H10) -> 0.072877847 | J10: =F10/SUM(F10:H10)*100 -> 6.7927441 | K10: =(G10+H10)/SUM(F10:H10)*100 -> 93.207256
A11: KD039 | B11: R5 | C11: 2 | D11: 42000000 | E11: 1:1 | F11: 400 | G11: 3760 | H11: 620 | I11: =F11/(G11+H11) -> 0.091324201 | J11: =F11/SUM(F11:H11)*100 -> 8.3682008 | K11: =(G11+H11)/SUM(F11:H11)*100 -> 91.631799
A12: KD039 | B12: R6 | C12: 1 | D12: 56000000 | E12: 1:1 | F12: 461 | G12: 6299 | H12: 652 | I12: =F12/(G12+H12) -> 0.066321393 | J12: =F12/SUM(F12:H12)*100 -> 6.2196438 | K12: =(G12+H12)/SUM(F12:H12)*100 -> 93.780356
A13: KD039 | B13: R6 | C13: 2 | D13: 63000000 | E13: 1:1 | F13: 360 | G13: 6088 | H13: 494 | I13: =F13/(G13+H13) -> 0.054694622 | J13: =F13/SUM(F13:H13)*100 -> 5.1858254 | K13: =(G13+H13)/SUM(F13:H13)*100 -> 94.814175
... A31: KD040 | B31: stool | C31: 2 | D31: 2000000000 | E31: 1:100 | F31: 1444 | G31: 17 | H31: 252 | I31: =F31/(G31+H31) -> 5.3680297 | J31: =F31/SUM(F31:H31)*100 -> 84.296556 | K31: =(G31+H31)/SUM(F31:H31)*100 -> 15.703444
